N,f,q,k,W,gossip_flow_recon_recall,gossip_flow_dos_recall,gossip_corrected_flow_recon_recall,gossip_corrected_flow_dos_recall,gossip_window_recon_recall,gossip_window_dos_recall,gossip_recon_fpr,gossip_dos_fpr,gossip_bandwidth,gossip_latency,indep_flow_recon_recall,indep_flow_dos_recall,indep_window_recon_recall,indep_window_dos_recall,indep_recon_fpr,indep_dos_fpr,indep_bandwidth,indep_latency,cent_flow_recon_recall,cent_flow_dos_recall,cent_window_recon_recall,cent_window_dos_recall,cent_recon_fpr,cent_dos_fpr,cent_bandwidth,cent_latency
8,2,2,4,5,0.9971,0.9729,0.2786,0.8403,0.9826,0.9310,0.8204,0.6969,0.0265,5319.6700,1.0000,0.9973,0.9983,0.9827,0.8981,0.7543,0.0000,5319.6700,0.9974,0.9746,0.9885,0.9361,0.8324,0.7048,0.0132,5319.6700
8,2,4,4,5,0.8596,0.8215,0.3378,0.7699,0.6862,0.6488,0.3871,0.4658,0.0265,5319.6700,1.0000,0.9973,0.9983,0.9827,0.8981,0.7543,0.0000,5319.6700,0.9302,0.8767,0.8237,0.7542,0.5219,0.5552,0.0132,5319.6700
8,3,2,4,5,0.9974,0.9746,0.2757,0.8423,0.9885,0.9354,0.8312,0.7041,0.0397,5319.6700,1.0000,0.9973,0.9983,0.9827,0.8981,0.7543,0.0000,5319.6700,0.9974,0.9746,0.9885,0.9361,0.8324,0.7048,0.0132,5319.6700
8,3,4,4,5,0.9150,0.8606,0.3192,0.7914,0.7907,0.7321,0.4839,0.5358,0.0397,5319.6700,1.0000,0.9973,0.9983,0.9827,0.8981,0.7543,0.0000,5319.6700,0.9302,0.8767,0.8237,0.7542,0.5219,0.5552,0.0132,5319.6700
8,4,2,4,5,0.9974,0.9746,0.2757,0.8418,0.9885,0.9361,0.8324,0.7048,0.0530,5319.6700,1.0000,0.9973,0.9983,0.9827,0.8981,0.7543,0.0000,5319.6700,0.9974,0.9746,0.9885,0.9361,0.8324,0.7048,0.0132,5319.6700
8,4,4,4,5,0.9273,0.8745,0.3029,0.7946,0.8192,0.7511,0.5159,0.5528,0.0530,5319.6700,1.0000,0.9973,0.9983,0.9827,0.8981,0.7543,0.0000,5319.6700,0.9302,0.8767,0.8237,0.7542,0.5219,0.5552,0.0132,5319.6700
8,2,2,8,5,0.9997,0.9968,0.0192,0.8599,0.9912,0.9691,0.8179,0.6030,0.0411,3431.0000,1.0000,1.0000,0.9991,0.9946,0.8680,0.6449,0.0000,3431.0000,0.9997,0.9976,0.9943,0.9732,0.8236,0.6066,0.0205,3431.0000
8,2,4,8,5,0.9680,0.9080,0.3324,0.8176,0.9093,0.8207,0.6121,0.5176,0.0411,3431.0000,1.0000,1.0000,0.9991,0.9946,0.8680,0.6449,0.0000,3431.0000,0.9888,0.9672,0.9555,0.9001,0.7269,0.5543,0.0205,3431.0000
8,2,6,8,5,0.8367,0.7826,0.5901,0.7378,0.6794,0.6514,0.3423,0.4220,0.0411,3431.0000,1.0000,1.0000,0.9991,0.9946,0.8680,0.6449,0.0000,3431.0000,0.9379,0.8672,0.8542,0.7817,0.5198,0.4951,0.0205,3431.0000
8,2,8,8,5,0.4388,0.5439,0.3839,0.5393,0.1942,0.2705,0.1068,0.2286,0.0411,5146.5000,1.0000,1.0000,0.9991,0.9946,0.8680,0.6449,0.0000,3431.0000,0.7826,0.7655,0.5958,0.6042,0.2952,0.3822,0.0205,3431.0000
8,3,2,8,5,0.9997,0.9973,0.0154,0.8596,0.9943,0.9723,0.8231,0.6064,0.0616,3431.0000,1.0000,1.0000,0.9991,0.9946,0.8680,0.6449,0.0000,3431.0000,0.9997,0.9976,0.9943,0.9732,0.8236,0.6066,0.0205,3431.0000
8,3,4,8,5,0.9823,0.9482,0.2248,0.8432,0.9366,0.8715,0.6834,0.5431,0.0616,3431.0000,1.0000,1.0000,0.9991,0.9946,0.8680,0.6449,0.0000,3431.0000,0.9888,0.9672,0.9555,0.9001,0.7269,0.5543,0.0205,3431.0000
8,3,6,8,5,0.8970,0.8347,0.5458,0.7667,0.7829,0.7308,0.4347,0.4667,0.0616,3431.0000,1.0000,1.0000,0.9991,0.9946,0.8680,0.6449,0.0000,3431.0000,0.9379,0.8672,0.8542,0.7817,0.5198,0.4951,0.0205,3431.0000
8,3,8,8,5,0.6796,0.6980,0.5412,0.6706,0.4619,0.4803,0.2180,0.3204,0.0616,3431.0000,1.0000,1.0000,0.9991,0.9946,0.8680,0.6449,0.0000,3431.0000,0.7826,0.7655,0.5958,0.6042,0.2952,0.3822,0.0205,3431.0000
8,4,2,8,5,0.9997,0.9976,0.0154,0.8599,0.9943,0.9732,0.8236,0.6066,0.0821,3431.0000,1.0000,1.0000,0.9991,0.9946,0.8680,0.6449,0.0000,3431.0000,0.9997,0.9976,0.9943,0.9732,0.8236,0.6066,0.0205,3431.0000
8,4,4,8,5,0.9857,0.9660,0.1731,0.8567,0.9538,0.8947,0.7196,0.5513,0.0821,3431.0000,1.0000,1.0000,0.9991,0.9946,0.8680,0.6449,0.0000,3431.0000,0.9888,0.9672,0.9555,0.9001,0.7269,0.5543,0.0205,3431.0000
8,4,6,8,5,0.9279,0.8528,0.4949,0.7828,0.8322,0.7626,0.4898,0.4875,0.0821,3431.0000,1.0000,1.0000,0.9991,0.9946,0.8680,0.6449,0.0000,3431.0000,0.9379,0.8672,0.8542,0.7817,0.5198,0.4951,0.0205,3431.0000
8,4,8,8,5,0.7577,0.7466,0.5752,0.7102,0.5702,0.5738,0.2737,0.3674,0.0821,3431.0000,1.0000,1.0000,0.9991,0.9946,0.8680,0.6449,0.0000,3431.0000,0.7826,0.7655,0.5958,0.6042,0.2952,0.3822,0.0205,3431.0000
8,2,2,16,5,0.9997,0.9956,0.0197,0.8608,0.9916,0.9678,0.8180,0.6022,0.0411,3431.0000,1.0000,1.0000,0.9991,0.9946,0.8680,0.6449,0.0000,3431.0000,0.9997,0.9976,0.9943,0.9732,0.8236,0.6066,0.0205,3431.0000
8,2,4,16,5,0.9660,0.9259,0.3372,0.8383,0.9044,0.8293,0.6099,0.5235,0.0411,3431.0000,1.0000,1.0000,0.9991,0.9946,0.8680,0.6449,0.0000,3431.0000,0.9888,0.9672,0.9555,0.9001,0.7269,0.5543,0.0205,3431.0000
8,2,6,16,5,0.8298,0.7863,0.5827,0.7312,0.6715,0.6600,0.3468,0.4173,0.0411,3431.0000,1.0000,1.0000,0.9991,0.9946,0.8680,0.6449,0.0000,3431.0000,0.9379,0.8672,0.8542,0.7817,0.5198,0.4951,0.0205,3431.0000
8,2,8,16,5,0.4459,0.5393,0.3904,0.5314,0.1929,0.2683,0.1131,0.2278,0.0411,5146.5000,1.0000,1.0000,0.9991,0.9946,0.8680,0.6449,0.0000,3431.0000,0.7826,0.7655,0.5958,0.6042,0.2952,0.3822,0.0205,3431.0000
8,2,10,16,5,0.0000,0.0000,0.0000,0.0000,0.0000,0.0000,0.0000,0.0000,0.0411,0.0000,1.0000,1.0000,0.9991,0.9946,0.8680,0.6449,0.0000,3431.0000,0.0000,0.0000,0.0000,0.0000,0.0000,0.0000,0.0205,0.0000
8,2,12,16,5,0.0000,0.0000,0.0000,0.0000,0.0000,0.0000,0.0000,0.0000,0.0411,0.0000,1.0000,1.0000,0.9991,0.9946,0.8680,0.6449,0.0000,3431.0000,0.0000,0.0000,0.0000,0.0000,0.0000,0.0000,0.0205,0.0000
8,2,14,16,5,0.0000,0.0000,0.0000,0.0000,0.0000,0.0000,0.0000,0.0000,0.0411,0.0000,1.0000,1.0000,0.9991,0.9946,0.8680,0.6449,0.0000,3431.0000,0.0000,0.0000,0.0000,0.0000,0.0000,0.0000,0.0205,0.0000
8,2,16,16,5,0.0000,0.0000,0.0000,0.0000,0.0000,0.0000,0.0000,0.0000,0.0411,0.0000,1.0000,1.0000,0.9991,0.9946,0.8680,0.6449,0.0000,3431.0000,0.0000,0.0000,0.0000,0.0000,0.0000,0.0000,0.0205,0.0000
8,3,2,16,5,0.9997,0.9976,0.0169,0.8611,0.9938,0.9732,0.8225,0.6064,0.0616,3431.0000,1.0000,1.0000,0.9991,0.9946,0.8680,0.6449,0.0000,3431.0000,0.9997,0.9976,0.9943,0.9732,0.8236,0.6066,0.0205,3431.0000
8,3,4,16,5,0.9843,0.9555,0.2280,0.8520,0.9392,0.8738,0.6884,0.5445,0.0616,3431.0000,1.0000,1.0000,0.9991,0.9946,0.8680,0.6449,0.0000,3431.0000,0.9888,0.9672,0.9555,0.9001,0.7269,0.5543,0.0205,3431.0000
8,3,6,16,5,0.8907,0.8264,0.5555,0.7608,0.7759,0.7258,0.4347,0.4628,0.0616,3431.0000,1.0000,1.0000,0.9991,0.9946,0.8680,0.6449,0.0000,3431.0000,0.9379,0.8672,0.8542,0.7817,0.5198,0.4951,0.0205,3431.0000
8,3,8,16,5,0.6793,0.6975,0.5360,0.6740,0.4549,0.4816,0.2193,0.3240,0.0616,3431.0000,1.0000,1.0000,0.9991,0.9946,0.8680,0.6449,0.0000,3431.0000,0.7826,0.7655,0.5958,0.6042,0.2952,0.3822,0.0205,3431.0000
8,3,10,16,5,0.0000,0.0000,0.0000,0.0000,0.0000,0.0000,0.0000,0.0000,0.0616,0.0000,1.0000,1.0000,0.9991,0.9946,0.8680,0.6449,0.0000,3431.0000,0.0000,0.0000,0.0000,0.0000,0.0000,0.0000,0.0205,0.0000
8,3,12,16,5,0.0000,0.0000,0.0000,0.0000,0.0000,0.0000,0.0000,0.0000,0.0616,0.0000,1.0000,1.0000,0.9991,0.9946,0.8680,0.6449,0.0000,3431.0000,0.0000,0.0000,0.0000,0.0000,0.0000,0.0000,0.0205,0.0000
8,3,14,16,5,0.0000,0.0000,0.0000,0.0000,0.0000,0.0000,0.0000,0.0000,0.0616,0.0000,1.0000,1.0000,0.9991,0.9946,0.8680,0.6449,0.0000,3431.0000,0.0000,0.0000,0.0000,0.0000,0.0000,0.0000,0.0205,0.0000
8,3,16,16,5,0.0000,0.0000,0.0000,0.0000,0.0000,0.0000,0.0000,0.0000,0.0616,0.0000,1.0000,1.0000,0.9991,0.9946,0.8680,0.6449,0.0000,3431.0000,0.0000,0.0000,0.0000,0.0000,0.0000,0.0000,0.0205,0.0000
8,4,2,16,5,0.9997,0.9976,0.0154,0.8599,0.9943,0.9732,0.8236,0.6066,0.0821,3431.0000,1.0000,1.0000,0.9991,0.9946,0.8680,0.6449,0.0000,3431.0000,0.9997,0.9976,0.9943,0.9732,0.8236,0.6066,0.0205,3431.0000
8,4,4,16,5,0.9874,0.9633,0.1725,0.8560,0.9524,0.8951,0.7178,0.5508,0.0821,3431.0000,1.0000,1.0000,0.9991,0.9946,0.8680,0.6449,0.0000,3431.0000,0.9888,0.9672,0.9555,0.9001,0.7269,0.5543,0.0205,3431.0000
8,4,6,16,5,0.9251,0.8513,0.4886,0.7767,0.8305,0.7640,0.4893,0.4848,0.0821,3431.0000,1.0000,1.0000,0.9991,0.9946,0.8680,0.6449,0.0000,3431.0000,0.9379,0.8672,0.8542,0.7817,0.5198,0.4951,0.0205,3431.0000
8,4,8,16,5,0.7592,0.7486,0.5744,0.7107,0.5689,0.5833,0.2732,0.3687,0.0821,3431.0000,1.0000,1.0000,0.9991,0.9946,0.8680,0.6449,0.0000,3431.0000,0.7826,0.7655,0.5958,0.6042,0.2952,0.3822,0.0205,3431.0000
8,4,10,16,5,0.0000,0.0000,0.0000,0.0000,0.0000,0.0000,0.0000,0.0000,0.0821,0.0000,1.0000,1.0000,0.9991,0.9946,0.8680,0.6449,0.0000,3431.0000,0.0000,0.0000,0.0000,0.0000,0.0000,0.0000,0.0205,0.0000
8,4,12,16,5,0.0000,0.0000,0.0000,0.0000,0.0000,0.0000,0.0000,0.0000,0.0821,0.0000,1.0000,1.0000,0.9991,0.9946,0.8680,0.6449,0.0000,3431.0000,0.0000,0.0000,0.0000,0.0000,0.0000,0.0000,0.0205,0.0000
8,4,14,16,5,0.0000,0.0000,0.0000,0.0000,0.0000,0.0000,0.0000,0.0000,0.0821,0.0000,1.0000,1.0000,0.9991,0.9946,0.8680,0.6449,0.0000,3431.0000,0.0000,0.0000,0.0000,0.0000,0.0000,0.0000,0.0205,0.0000
8,4,16,16,5,0.0000,0.0000,0.0000,0.0000,0.0000,0.0000,0.0000,0.0000,0.0821,0.0000,1.0000,1.0000,0.9991,0.9946,0.8680,0.6449,0.0000,3431.0000,0.0000,0.0000,0.0000,0.0000,0.0000,0.0000,0.0205,0.0000
16,2,2,4,5,0.9911,0.9438,0.4977,0.8110,0.9715,0.8725,0.6443,0.7679,0.0154,4549.0000,0.9997,0.9961,0.9979,0.9748,0.7684,0.8537,0.0000,4549.0000,0.9954,0.9719,0.9868,0.9181,0.6851,0.7999,0.0077,4549.0000
16,2,4,4,5,0.6839,0.6060,0.2983,0.5427,0.4991,0.4026,0.1959,0.3668,0.0154,4549.0000,0.9997,0.9961,0.9979,0.9748,0.7684,0.8537,0.0000,4549.0000,0.9302,0.8305,0.8431,0.7154,0.4285,0.6349,0.0077,4549.0000
16,3,2,4,5,0.9949,0.9623,0.5009,0.8122,0.9823,0.9041,0.6665,0.7878,0.0232,4549.0000,0.9997,0.9961,0.9979,0.9748,0.7684,0.8537,0.0000,4549.0000,0.9954,0.9719,0.9868,0.9181,0.6851,0.7999,0.0077,4549.0000
16,3,4,4,5,0.8155,0.7366,0.3524,0.6569,0.6637,0.5505,0.2941,0.4838,0.0232,4549.0000,0.9997,0.9961,0.9979,0.9748,0.7684,0.8537,0.0000,4549.0000,0.9302,0.8305,0.8431,0.7154,0.4285,0.6349,0.0077,4549.0000
16,4,2,4,5,0.9951,0.9702,0.5014,0.8178,0.9847,0.9126,0.6790,0.7965,0.0309,4549.0000,0.9997,0.9961,0.9979,0.9748,0.7684,0.8537,0.0000,4549.0000,0.9954,0.9719,0.9868,0.9181,0.6851,0.7999,0.0077,4549.0000
16,4,4,4,5,0.8862,0.7789,0.4070,0.6921,0.7629,0.6382,0.3510,0.5542,0.0309,4549.0000,0.9997,0.9961,0.9979,0.9748,0.7684,0.8537,0.0000,4549.0000,0.9302,0.8305,0.8431,0.7154,0.4285,0.6349,0.0077,4549.0000
16,2,2,8,5,0.9997,0.9961,0.2669,0.8259,0.9965,0.9770,0.8726,0.7244,0.0264,2660.3300,1.0000,1.0000,1.0000,0.9995,0.9146,0.7749,0.0000,2660.3300,1.0000,0.9995,0.9991,0.9847,0.8878,0.7397,0.0132,2660.3300
16,2,4,8,5,0.9614,0.9093,0.2932,0.8229,0.8694,0.8054,0.5717,0.5891,0.0264,2660.3300,1.0000,1.0000,1.0000,0.9995,0.9146,0.7749,0.0000,2660.3300,0.9983,0.9792,0.9863,0.9386,0.8206,0.6871,0.0132,2660.3300
16,2,6,8,5,0.6974,0.7026,0.3307,0.6750,0.4784,0.4284,0.2259,0.3587,0.0264,3990.5000,1.0000,1.0000,1.0000,0.9995,0.9146,0.7749,0.0000,2660.3300,0.9765,0.9371,0.9267,0.8609,0.6444,0.6219,0.0132,2660.3300
16,2,8,8,5,0.3307,0.1350,0.1925,0.1338,0.1876,0.0375,0.0285,0.1273,0.0264,3990.5000,1.0000,1.0000,1.0000,0.9995,0.9146,0.7749,0.0000,2660.3300,0.8804,0.8476,0.7330,0.6777,0.4210,0.4882,0.0132,2660.3300
16,3,2,8,5,1.0000,0.9995,0.2666,0.8205,0.9978,0.9806,0.8840,0.7333,0.0397,2660.3300,1.0000,1.0000,1.0000,0.9995,0.9146,0.7749,0.0000,2660.3300,1.0000,0.9995,0.9991,0.9847,0.8878,0.7397,0.0132,2660.3300
16,3,4,8,5,0.9874,0.9433,0.2806,0.8315,0.9369,0.8682,0.6794,0.6276,0.0397,2660.3300,1.0000,1.0000,1.0000,0.9995,0.9146,0.7749,0.0000,2660.3300,0.9983,0.9792,0.9863,0.9386,0.8206,0.6871,0.0132,2660.3300
16,3,6,8,5,0.8381,0.8244,0.3258,0.7765,0.6673,0.6321,0.3745,0.4729,0.0397,3990.5000,1.0000,1.0000,1.0000,0.9995,0.9146,0.7749,0.0000,2660.3300,0.9765,0.9371,0.9267,0.8609,0.6444,0.6219,0.0132,2660.3300
16,3,8,8,5,0.4886,0.4456,0.2486,0.4334,0.2979,0.1738,0.0959,0.2445,0.0397,3990.5000,1.0000,1.0000,1.0000,0.9995,0.9146,0.7749,0.0000,2660.3300,0.8804,0.8476,0.7330,0.6777,0.4210,0.4882,0.0132,2660.3300
16,4,2,8,5,1.0000,0.9985,0.2666,0.8190,0.9987,0.9828,0.8871,0.7373,0.0529,2660.3300,1.0000,1.0000,1.0000,0.9995,0.9146,0.7749,0.0000,2660.3300,1.0000,0.9995,0.9991,0.9847,0.8878,0.7397,0.0132,2660.3300
16,4,4,8,5,0.9934,0.9570,0.2757,0.8371,0.9643,0.8980,0.7358,0.6523,0.0529,2660.3300,1.0000,1.0000,1.0000,0.9995,0.9146,0.7749,0.0000,2660.3300,0.9983,0.9792,0.9863,0.9386,0.8206,0.6871,0.0132,2660.3300
16,4,6,8,5,0.9148,0.8606,0.3221,0.8017,0.7816,0.7269,0.4635,0.5307,0.0529,2660.3300,1.0000,1.0000,1.0000,0.9995,0.9146,0.7749,0.0000,2660.3300,0.9765,0.9371,0.9267,0.8609,0.6444,0.6219,0.0132,2660.3300
16,4,8,8,5,0.6170,0.6187,0.2654,0.5965,0.4298,0.3296,0.1766,0.3068,0.0529,3990.5000,1.0000,1.0000,1.0000,0.9995,0.9146,0.7749,0.0000,2660.3300,0.8804,0.8476,0.7330,0.6777,0.4210,0.4882,0.0132,2660.3300
16,2,2,16,5,1.0000,1.0000,0.0069,0.8207,0.9968,0.9987,0.8255,0.6189,0.0410,1716.0000,1.0000,1.0000,1.0000,1.0000,0.8852,0.6634,0.0000,1716.0000,1.0000,1.0000,0.9994,1.0000,0.8336,0.6277,0.0205,1716.0000
16,2,4,16,5,0.9883,0.9582,0.1590,0.8423,0.9470,0.8909,0.7222,0.5339,0.0410,1716.0000,1.0000,1.0000,1.0000,1.0000,0.8852,0.6634,0.0000,1716.0000,0.9997,1.0000,0.9937,0.9900,0.8089,0.5973,0.0205,1716.0000
16,2,6,16,5,0.9253,0.8432,0.5383,0.7672,0.7860,0.7438,0.4470,0.4557,0.0410,1716.0000,1.0000,1.0000,1.0000,1.0000,0.8852,0.6634,0.0000,1716.0000,0.9940,0.9946,0.9779,0.9454,0.7750,0.5649,0.0205,1716.0000
16,2,8,16,5,0.7826,0.7664,0.5895,0.7261,0.5676,0.6088,0.2753,0.3778,0.0410,2574.0000,1.0000,1.0000,1.0000,1.0000,0.8852,0.6634,0.0000,1716.0000,0.9863,0.9631,0.9463,0.8816,0.7093,0.5317,0.0205,1716.0000
16,2,10,16,5,0.5232,0.6136,0.4368,0.5994,0.2797,0.3553,0.1588,0.2735,0.0410,2574.0000,1.0000,1.0000,1.0000,1.0000,0.8852,0.6634,0.0000,1716.0000,0.9691,0.8948,0.8933,0.8110,0.5906,0.4985,0.0205,1716.0000
16,2,12,16,5,0.2386,0.4226,0.2291,0.4214,0.0713,0.1417,0.0418,0.1984,0.0410,2574.0000,1.0000,1.0000,1.0000,1.0000,0.8852,0.6634,0.0000,1716.0000,0.9256,0.8454,0.7973,0.7658,0.4666,0.4680,0.0205,1716.0000
16,2,14,16,5,0.0149,0.0611,0.0149,0.0611,0.0025,0.0080,0.0017,0.0442,0.0410,2574.0000,1.0000,1.0000,1.0000,1.0000,0.8852,0.6634,0.0000,1716.0000,0.8458,0.7985,0.6894,0.6953,0.3605,0.4310,0.0205,1716.0000
16,2,16,16,5,0.0000,0.0000,0.0000,0.0000,0.0000,0.0000,0.0000,0.0003,0.0410,5148.0000,1.0000,1.0000,1.0000,1.0000,0.8852,0.6634,0.0000,1716.0000,0.7111,0.7327,0.4703,0.5150,0.2357,0.3402,0.0205,2574.0000
16,3,2,16,5,1.0000,1.0000,0.0069,0.8198,0.9994,0.9980,0.8300,0.6230,0.0615,1716.0000,1.0000,1.0000,1.0000,1.0000,0.8852,0.6634,0.0000,1716.0000,1.0000,1.0000,0.9994,1.0000,0.8336,0.6277,0.0205,1716.0000
16,3,4,16,5,0.9957,0.9905,0.0598,0.8662,0.9754,0.9361,0.7696,0.5608,0.0615,1716.0000,1.0000,1.0000,1.0000,1.0000,0.8852,0.6634,0.0000,1716.0000,0.9997,1.0000,0.9937,0.9900,0.8089,0.5973,0.0205,1716.0000
16,3,6,16,5,0.9617,0.8890,0.3799,0.7975,0.8737,0.8024,0.5800,0.4988,0.0615,1716.0000,1.0000,1.0000,1.0000,1.0000,0.8852,0.6634,0.0000,1716.0000,0.9940,0.9946,0.9779,0.9454,0.7750,0.5649,0.0205,1716.0000
16,3,8,16,5,0.8827,0.8110,0.5704,0.7452,0.7241,0.7159,0.3861,0.4414,0.0615,1716.0000,1.0000,1.0000,1.0000,1.0000,0.8852,0.6634,0.0000,1716.0000,0.9863,0.9631,0.9463,0.8816,0.7093,0.5317,0.0205,1716.0000
16,3,10,16,5,0.7589,0.7474,0.5738,0.7124,0.5543,0.5842,0.2708,0.3641,0.0615,2574.0000,1.0000,1.0000,1.0000,1.0000,0.8852,0.6634,0.0000,1716.0000,0.9691,0.8948,0.8933,0.8110,0.5906,0.4985,0.0205,1716.0000
16,3,12,16,5,0.5426,0.6204,0.4422,0.6099,0.3049,0.3573,0.1582,0.2719,0.0615,2574.0000,1.0000,1.0000,1.0000,1.0000,0.8852,0.6634,0.0000,1716.0000,0.9256,0.8454,0.7973,0.7658,0.4666,0.4680,0.0205,1716.0000
16,3,14,16,5,0.2417,0.3996,0.2388,0.3996,0.0556,0.1397,0.0455,0.1975,0.0615,2574.0000,1.0000,1.0000,1.0000,1.0000,0.8852,0.6634,0.0000,1716.0000,0.8458,0.7985,0.6894,0.6953,0.3605,0.4310,0.0205,1716.0000
16,3,16,16,5,0.0000,0.0367,0.0000,0.0367,0.0000,0.0073,0.0014,0.0250,0.0615,2574.0000,1.0000,1.0000,1.0000,1.0000,0.8852,0.6634,0.0000,1716.0000,0.7111,0.7327,0.4703,0.5150,0.2357,0.3402,0.0205,2574.0000
16,4,2,16,5,1.0000,1.0000,0.0069,0.8110,0.9994,1.0000,0.8336,0.6250,0.0820,1716.0000,1.0000,1.0000,1.0000,1.0000,0.8852,0.6634,0.0000,1716.0000,1.0000,1.0000,0.9994,1.0000,0.8336,0.6277,0.0205,1716.0000
16,4,4,16,5,0.9971,0.9971,0.0260,0.8589,0.9836,0.9627,0.7893,0.5737,0.0820,1716.0000,1.0000,1.0000,1.0000,1.0000,0.8852,0.6634,0.0000,1716.0000,0.9997,1.0000,0.9937,0.9900,0.8089,0.5973,0.0205,1716.0000
16,4,6,16,5,0.9791,0.9354,0.2620,0.8352,0.9287,0.8503,0.6633,0.5177,0.0820,1716.0000,1.0000,1.0000,1.0000,1.0000,0.8852,0.6634,0.0000,1716.0000,0.9940,0.9946,0.9779,0.9454,0.7750,0.5649,0.0205,1716.0000
16,4,8,16,5,0.9233,0.8432,0.5223,0.7652,0.8005,0.7578,0.4658,0.4647,0.0820,1716.0000,1.0000,1.0000,1.0000,1.0000,0.8852,0.6634,0.0000,1716.0000,0.9863,0.9631,0.9463,0.8816,0.7093,0.5317,0.0205,1716.0000
16,4,10,16,5,0.8312,0.7831,0.6004,0.7320,0.6660,0.6680,0.3322,0.4181,0.0820,1716.0000,1.0000,1.0000,1.0000,1.0000,0.8852,0.6634,0.0000,1716.0000,0.9691,0.8948,0.8933,0.8110,0.5906,0.4985,0.0205,1716.0000
16,4,12,16,5,0.7134,0.7246,0.5626,0.6985,0.4874,0.5243,0.2348,0.3410,0.0820,2574.0000,1.0000,1.0000,1.0000,1.0000,0.8852,0.6634,0.0000,1716.0000,0.9256,0.8454,0.7973,0.7658,0.4666,0.4680,0.0205,1716.0000
16,4,14,16,5,0.4637,0.5693,0.4056,0.5625,0.2386,0.2841,0.1265,0.2502,0.0820,2574.0000,1.0000,1.0000,1.0000,1.0000,0.8852,0.6634,0.0000,1716.0000,0.8458,0.7985,0.6894,0.6953,0.3605,0.4310,0.0205,1716.0000
16,4,16,16,5,0.0830,0.2529,0.0830,0.2529,0.0152,0.0632,0.0129,0.1311,0.0820,2574.0000,1.0000,1.0000,1.0000,1.0000,0.8852,0.6634,0.0000,1716.0000,0.7111,0.7327,0.4703,0.5150,0.2357,0.3402,0.0205,2574.0000
32,2,2,4,5,0.9703,0.9080,0.5658,0.6625,0.9174,0.8251,0.5540,0.7928,0.0084,4163.3300,0.9986,0.9946,0.9947,0.9703,0.7398,0.9148,0.0000,4163.3300,0.9934,0.9648,0.9776,0.9034,0.6509,0.8609,0.0042,4163.3300
32,2,4,4,5,0.2966,0.3644,0.0852,0.2847,0.2108,0.1955,0.0884,0.1402,0.0084,4163.3300,0.9986,0.9946,0.9947,0.9703,0.7398,0.9148,0.0000,4163.3300,0.8947,0.8097,0.7840,0.6948,0.3863,0.6778,0.0042,4163.3300
32,3,2,4,5,0.9857,0.9330,0.5715,0.6835,0.9496,0.8609,0.5942,0.8224,0.0127,4163.3300,0.9986,0.9946,0.9947,0.9703,0.7398,0.9148,0.0000,4163.3300,0.9934,0.9648,0.9776,0.9034,0.6509,0.8609,0.0042,4163.3300
32,3,4,4,5,0.4966,0.5498,0.2257,0.4199,0.3109,0.3228,0.1268,0.3216,0.0127,4163.3300,0.9986,0.9946,0.9947,0.9703,0.7398,0.9148,0.0000,4163.3300,0.8947,0.8097,0.7840,0.6948,0.3863,0.6778,0.0042,4163.3300
32,4,2,4,5,0.9903,0.9504,0.5741,0.6899,0.9639,0.8697,0.6204,0.8435,0.0169,4163.3300,0.9986,0.9946,0.9947,0.9703,0.7398,0.9148,0.0000,4163.3300,0.9934,0.9648,0.9776,0.9034,0.6509,0.8609,0.0042,4163.3300
32,4,4,4,5,0.6691,0.6305,0.3338,0.4766,0.4503,0.4254,0.1877,0.4367,0.0169,4163.3300,0.9986,0.9946,0.9947,0.9703,0.7398,0.9148,0.0000,4163.3300,0.8947,0.8097,0.7840,0.6948,0.3863,0.6778,0.0042,4163.3300
32,2,2,8,5,0.9960,0.9856,0.5023,0.7907,0.9886,0.9532,0.6687,0.8179,0.0155,2274.6700,1.0000,1.0000,0.9987,0.9964,0.7726,0.8737,0.0000,2274.6700,1.0000,0.9988,0.9974,0.9818,0.7097,0.8473,0.0078,2274.6700
32,2,4,8,5,0.8801,0.7826,0.3996,0.6831,0.7354,0.6338,0.2903,0.5589,0.0155,2274.6700,1.0000,1.0000,0.9987,0.9964,0.7726,0.8737,0.0000,2274.6700,0.9946,0.9726,0.9817,0.9209,0.6370,0.7908,0.0078,2274.6700
32,2,6,8,5,0.4308,0.4461,0.2477,0.3898,0.3079,0.2208,0.0847,0.1843,0.0155,3412.0000,1.0000,1.0000,0.9987,0.9964,0.7726,0.8737,0.0000,2274.6700,0.9717,0.8934,0.9266,0.8105,0.4896,0.7216,0.0078,2274.6700
32,2,8,8,5,0.2514,0.2453,0.1994,0.2235,0.1812,0.1181,0.0397,0.0067,0.0155,3412.0000,1.0000,1.0000,0.9987,0.9964,0.7726,0.8737,0.0000,2274.6700,0.8799,0.7885,0.7502,0.6461,0.3033,0.5711,0.0078,2274.6700
32,3,2,8,5,0.9991,0.9956,0.5031,0.7965,0.9930,0.9696,0.6833,0.8280,0.0233,2274.6700,1.0000,1.0000,0.9987,0.9964,0.7726,0.8737,0.0000,2274.6700,1.0000,0.9988,0.9974,0.9818,0.7097,0.8473,0.0078,2274.6700
32,3,4,8,5,0.9374,0.8572,0.4454,0.7515,0.8389,0.7415,0.3794,0.6485,0.0233,2274.6700,1.0000,1.0000,0.9987,0.9964,0.7726,0.8737,0.0000,2274.6700,0.9946,0.9726,0.9817,0.9209,0.6370,0.7908,0.0078,2274.6700
32,3,6,8,5,0.6779,0.5997,0.2883,0.5214,0.4707,0.3607,0.1412,0.3703,0.0233,2274.6700,1.0000,1.0000,0.9987,0.9964,0.7726,0.8737,0.0000,2274.6700,0.9717,0.8934,0.9266,0.8105,0.4896,0.7216,0.0078,2274.6700
32,3,8,8,5,0.3358,0.3152,0.2343,0.2844,0.2655,0.1654,0.0633,0.0273,0.0233,3412.0000,1.0000,1.0000,0.9987,0.9964,0.7726,0.8737,0.0000,2274.6700,0.8799,0.7885,0.7502,0.6461,0.3033,0.5711,0.0078,2274.6700
32,4,2,8,5,0.9997,0.9961,0.5031,0.7899,0.9952,0.9741,0.6961,0.8376,0.0311,2274.6700,1.0000,1.0000,0.9987,0.9964,0.7726,0.8737,0.0000,2274.6700,1.0000,0.9988,0.9974,0.9818,0.7097,0.8473,0.0078,2274.6700
32,4,4,8,5,0.9605,0.8794,0.4680,0.7642,0.8983,0.7896,0.4581,0.6833,0.0311,2274.6700,1.0000,1.0000,0.9987,0.9964,0.7726,0.8737,0.0000,2274.6700,0.9946,0.9726,0.9817,0.9209,0.6370,0.7908,0.0078,2274.6700
32,4,6,8,5,0.7820,0.7014,0.3207,0.6143,0.6118,0.4843,0.2071,0.4547,0.0311,2274.6700,1.0000,1.0000,0.9987,0.9964,0.7726,0.8737,0.0000,2274.6700,0.9717,0.8934,0.9266,0.8105,0.4896,0.7216,0.0078,2274.6700
32,4,8,8,5,0.3827,0.3771,0.1925,0.3326,0.3083,0.1972,0.0772,0.0989,0.0311,3412.0000,1.0000,1.0000,0.9987,0.9964,0.7726,0.8737,0.0000,2274.6700,0.8799,0.7885,0.7502,0.6461,0.3033,0.5711,0.0078,2274.6700
32,2,2,16,5,1.0000,1.0000,0.2626,0.7814,1.0000,0.9954,0.8791,0.7393,0.0264,1330.3300,1.0000,1.0000,1.0000,1.0000,0.9219,0.7842,0.0000,1330.3300,1.0000,1.0000,1.0000,1.0000,0.8861,0.7575,0.0132,1330.3300
32,2,4,16,5,0.9937,0.9650,0.2720,0.8310,0.9331,0.8734,0.6629,0.6205,0.0264,1330.3300,1.0000,1.0000,1.0000,1.0000,0.9219,0.7842,0.0000,1330.3300,1.0000,1.0000,0.9994,0.9941,0.8728,0.7324,0.0132,1330.3300
32,2,6,16,5,0.8421,0.8388,0.3444,0.7841,0.6183,0.6414,0.3670,0.4745,0.0264,1995.5000,1.0000,1.0000,1.0000,1.0000,0.9219,0.7842,0.0000,1330.3300,0.9994,0.9961,0.9968,0.9657,0.8537,0.7005,0.0132,1330.3300
32,2,8,16,5,0.5472,0.5904,0.2726,0.5806,0.3047,0.2637,0.1372,0.3133,0.0264,1995.5000,1.0000,1.0000,1.0000,1.0000,0.9219,0.7842,0.0000,1330.3300,0.9989,0.9809,0.9874,0.9288,0.7972,0.6686,0.0132,1330.3300
32,2,10,16,5,0.3144,0.1783,0.1948,0.1783,0.1375,0.0343,0.0179,0.1928,0.0264,1995.5000,1.0000,1.0000,1.0000,1.0000,0.9219,0.7842,0.0000,1330.3300,0.9969,0.9609,0.9527,0.8893,0.7053,0.6306,0.0132,1330.3300
32,2,12,16,5,0.1433,0.0313,0.0927,0.0313,0.0644,0.0086,0.0033,0.0804,0.0264,1995.5000,1.0000,1.0000,1.0000,1.0000,0.9219,0.7842,0.0000,1330.3300,0.9754,0.9308,0.8915,0.8418,0.5877,0.5982,0.0132,1330.3300
32,2,14,16,5,0.0892,0.0054,0.0809,0.0054,0.0252,0.0026,0.0012,0.0319,0.0264,1995.5000,1.0000,1.0000,1.0000,1.0000,0.9219,0.7842,0.0000,1330.3300,0.9288,0.9017,0.8050,0.7739,0.4879,0.5497,0.0132,1330.3300
32,2,16,16,5,0.0157,0.0007,0.0157,0.0007,0.0032,0.0007,0.0000,0.0061,0.0264,1995.5000,1.0000,1.0000,1.0000,1.0000,0.9219,0.7842,0.0000,1330.3300,0.8355,0.8383,0.6404,0.5946,0.3529,0.4495,0.0132,1995.5000
32,3,2,16,5,1.0000,1.0000,0.2632,0.7748,1.0000,0.9987,0.8845,0.7462,0.0397,1330.3300,1.0000,1.0000,1.0000,1.0000,0.9219,0.7842,0.0000,1330.3300,1.0000,1.0000,1.0000,1.0000,0.8861,0.7575,0.0132,1330.3300
32,3,4,16,5,0.9989,0.9804,0.2646,0.8185,0.9785,0.9202,0.7515,0.6584,0.0397,1330.3300,1.0000,1.0000,1.0000,1.0000,0.9219,0.7842,0.0000,1330.3300,1.0000,1.0000,0.9994,0.9941,0.8728,0.7324,0.0132,1330.3300
32,3,6,16,5,0.9414,0.8968,0.2926,0.8112,0.8057,0.7699,0.4967,0.5469,0.0397,1330.3300,1.0000,1.0000,1.0000,1.0000,0.9219,0.7842,0.0000,1330.3300,0.9994,0.9961,0.9968,0.9657,0.8537,0.7005,0.0132,1330.3300
32,3,8,16,5,0.7717,0.7765,0.3464,0.7442,0.5293,0.5148,0.3017,0.4268,0.0397,1995.5000,1.0000,1.0000,1.0000,1.0000,0.9219,0.7842,0.0000,1330.3300,0.9989,0.9809,0.9874,0.9288,0.7972,0.6686,0.0132,1330.3300
32,3,10,16,5,0.5435,0.5116,0.2683,0.5009,0.2934,0.2149,0.0981,0.3080,0.0397,1995.5000,1.0000,1.0000,1.0000,1.0000,0.9219,0.7842,0.0000,1330.3300,0.9969,0.9609,0.9527,0.8893,0.7053,0.6306,0.0132,1330.3300
32,3,12,16,5,0.3149,0.2206,0.1856,0.2206,0.1476,0.0514,0.0158,0.1912,0.0397,1995.5000,1.0000,1.0000,1.0000,1.0000,0.9219,0.7842,0.0000,1330.3300,0.9754,0.9308,0.8915,0.8418,0.5877,0.5982,0.0132,1330.3300
32,3,14,16,5,0.2005,0.0298,0.1296,0.0298,0.0902,0.0079,0.0050,0.0914,0.0397,1995.5000,1.0000,1.0000,1.0000,1.0000,0.9219,0.7842,0.0000,1330.3300,0.9288,0.9017,0.8050,0.7739,0.4879,0.5497,0.0132,1330.3300
32,3,16,16,5,0.1301,0.0061,0.0838,0.0061,0.0505,0.0046,0.0021,0.0517,0.0397,1995.5000,1.0000,1.0000,1.0000,1.0000,0.9219,0.7842,0.0000,1330.3300,0.8355,0.8383,0.6404,0.5946,0.3529,0.4495,0.0132,1995.5000
32,4,2,16,5,1.0000,1.0000,0.2626,0.7711,1.0000,1.0000,0.8853,0.7518,0.0529,1330.3300,1.0000,1.0000,1.0000,1.0000,0.9219,0.7842,0.0000,1330.3300,1.0000,1.0000,1.0000,1.0000,0.8861,0.7575,0.0132,1330.3300
32,4,4,16,5,0.9991,0.9888,0.2646,0.8215,0.9880,0.9407,0.8071,0.6734,0.0529,1330.3300,1.0000,1.0000,1.0000,1.0000,0.9219,0.7842,0.0000,1330.3300,1.0000,1.0000,0.9994,0.9941,0.8728,0.7324,0.0132,1330.3300
32,4,6,16,5,0.9777,0.9359,0.2823,0.8239,0.8896,0.8181,0.5810,0.5808,0.0529,1330.3300,1.0000,1.0000,1.0000,1.0000,0.9219,0.7842,0.0000,1330.3300,0.9994,0.9961,0.9968,0.9657,0.8537,0.7005,0.0132,1330.3300
32,4,8,16,5,0.8739,0.8432,0.3284,0.7789,0.6782,0.6671,0.3932,0.4943,0.0529,1995.5000,1.0000,1.0000,1.0000,1.0000,0.9219,0.7842,0.0000,1330.3300,0.9989,0.9809,0.9874,0.9288,0.7972,0.6686,0.0132,1330.3300
32,4,10,16,5,0.6859,0.7232,0.3126,0.6958,0.4442,0.4173,0.2265,0.3800,0.0529,1995.5000,1.0000,1.0000,1.0000,1.0000,0.9219,0.7842,0.0000,1330.3300,0.9969,0.9609,0.9527,0.8893,0.7053,0.6306,0.0132,1330.3300
32,4,12,16,5,0.4539,0.4356,0.2326,0.4346,0.2303,0.1450,0.0657,0.2918,0.0529,1995.5000,1.0000,1.0000,1.0000,1.0000,0.9219,0.7842,0.0000,1330.3300,0.9754,0.9308,0.8915,0.8418,0.5877,0.5982,0.0132,1330.3300
32,4,14,16,5,0.2789,0.0756,0.1625,0.0756,0.1363,0.0204,0.0137,0.1552,0.0529,1995.5000,1.0000,1.0000,1.0000,1.0000,0.9219,0.7842,0.0000,1330.3300,0.9288,0.9017,0.8050,0.7739,0.4879,0.5497,0.0132,1330.3300
32,4,16,16,5,0.2205,0.0161,0.1416,0.0161,0.1003,0.0066,0.0058,0.0914,0.0529,1995.5000,1.0000,1.0000,1.0000,1.0000,0.9219,0.7842,0.0000,1330.3300,0.8355,0.8383,0.6404,0.5946,0.3529,0.4495,0.0132,1995.5000
64,2,2,4,5,0.9359,0.8824,0.7720,0.6992,0.8417,0.7856,0.4546,0.7735,0.0044,3970.6700,0.9986,0.9946,0.9937,0.9700,0.7229,0.9469,0.0000,3970.6700,0.9900,0.9648,0.9685,0.9041,0.6253,0.8930,0.0022,3970.6700
64,2,4,4,5,0.1236,0.1345,0.0257,0.1064,0.0987,0.0753,0.0383,0.0382,0.0044,3970.6700,0.9986,0.9946,0.9937,0.9700,0.7229,0.9469,0.0000,3970.6700,0.8721,0.8149,0.7423,0.7043,0.3538,0.7133,0.0022,3970.6700
64,3,2,4,5,0.9620,0.9005,0.7889,0.7134,0.8967,0.8133,0.5169,0.8208,0.0066,3970.6700,0.9986,0.9946,0.9937,0.9700,0.7229,0.9469,0.0000,3970.6700,0.9900,0.9648,0.9685,0.9041,0.6253,0.8930,0.0022,3970.6700
64,3,4,4,5,0.1919,0.2463,0.0941,0.1824,0.1166,0.1175,0.0451,0.1025,0.0066,3970.6700,0.9986,0.9946,0.9937,0.9700,0.7229,0.9469,0.0000,3970.6700,0.8721,0.8149,0.7423,0.7043,0.3538,0.7133,0.0022,3970.6700
64,4,2,4,5,0.9685,0.9271,0.7972,0.7349,0.9202,0.8457,0.5527,0.8453,0.0088,3970.6700,0.9986,0.9946,0.9937,0.9700,0.7229,0.9469,0.0000,3970.6700,0.9900,0.9648,0.9685,0.9041,0.6253,0.8930,0.0022,3970.6700
64,4,4,4,5,0.3043,0.3810,0.2025,0.2746,0.1705,0.1840,0.0634,0.2060,0.0088,3970.6700,0.9986,0.9946,0.9937,0.9700,0.7229,0.9469,0.0000,3970.6700,0.8721,0.8149,0.7423,0.7043,0.3538,0.7133,0.0022,3970.6700
64,2,2,8,5,0.9923,0.9672,0.5732,0.6713,0.9627,0.9007,0.5821,0.8521,0.0084,2082.0000,1.0000,1.0000,0.9996,0.9963,0.7392,0.9359,0.0000,2082.0000,1.0000,0.9968,0.9970,0.9779,0.6656,0.9155,0.0042,2082.0000
64,2,4,8,5,0.5938,0.6141,0.2763,0.4370,0.3774,0.3660,0.1266,0.4358,0.0084,2082.0000,1.0000,1.0000,0.9996,0.9963,0.7392,0.9359,0.0000,2082.0000,0.9914,0.9675,0.9670,0.9053,0.5859,0.8558,0.0042,2082.0000
64,2,6,8,5,0.1753,0.2106,0.0624,0.1717,0.1562,0.1030,0.0510,0.0182,0.0084,3123.0000,1.0000,1.0000,0.9996,0.9963,0.7392,0.9359,0.0000,2082.0000,0.9482,0.8711,0.8846,0.7848,0.4357,0.7752,0.0042,2082.0000
64,2,8,8,5,0.1250,0.1274,0.0955,0.1110,0.0950,0.0607,0.0355,0.0027,0.0084,3123.0000,1.0000,1.0000,0.9996,0.9963,0.7392,0.9359,0.0000,2082.0000,0.8241,0.7645,0.6655,0.6115,0.2601,0.6266,0.0042,2082.0000
64,3,2,8,5,0.9969,0.9829,0.5764,0.6774,0.9718,0.9297,0.6196,0.8732,0.0127,2082.0000,1.0000,1.0000,0.9996,0.9963,0.7392,0.9359,0.0000,2082.0000,1.0000,0.9968,0.9970,0.9779,0.6656,0.9155,0.0042,2082.0000
64,3,4,8,5,0.7903,0.7295,0.4296,0.5297,0.5991,0.5434,0.2106,0.5684,0.0127,2082.0000,1.0000,1.0000,0.9996,0.9963,0.7392,0.9359,0.0000,2082.0000,0.9914,0.9675,0.9670,0.9053,0.5859,0.8558,0.0042,2082.0000
64,3,6,8,5,0.2277,0.2989,0.0435,0.2098,0.1800,0.1411,0.0563,0.1118,0.0127,2082.0000,1.0000,1.0000,0.9996,0.9963,0.7392,0.9359,0.0000,2082.0000,0.9482,0.8711,0.8846,0.7848,0.4357,0.7752,0.0042,2082.0000
64,3,8,8,5,0.1639,0.1712,0.0921,0.1480,0.1432,0.0892,0.0462,0.0042,0.0127,2082.0000,1.0000,1.0000,0.9996,0.9963,0.7392,0.9359,0.0000,2082.0000,0.8241,0.7645,0.6655,0.6115,0.2601,0.6266,0.0042,2082.0000
64,4,2,8,5,0.9966,0.9892,0.5769,0.6777,0.9839,0.9517,0.6300,0.8927,0.0169,2082.0000,1.0000,1.0000,0.9996,0.9963,0.7392,0.9359,0.0000,2082.0000,1.0000,0.9968,0.9970,0.9779,0.6656,0.9155,0.0042,2082.0000
64,4,4,8,5,0.8670,0.7735,0.4897,0.5578,0.6959,0.6253,0.2880,0.6460,0.0169,2082.0000,1.0000,1.0000,0.9996,0.9963,0.7392,0.9359,0.0000,2082.0000,0.9914,0.9675,0.9670,0.9053,0.5859,0.8558,0.0042,2082.0000
64,4,6,8,5,0.3856,0.4627,0.1347,0.3270,0.2265,0.2147,0.0685,0.2727,0.0169,2082.0000,1.0000,1.0000,0.9996,0.9963,0.7392,0.9359,0.0000,2082.0000,0.9482,0.8711,0.8846,0.7848,0.4357,0.7752,0.0042,2082.0000
64,4,8,8,5,0.1679,0.1895,0.0392,0.1558,0.1627,0.1062,0.0518,0.0084,0.0169,2082.0000,1.0000,1.0000,0.9996,0.9963,0.7392,0.9359,0.0000,2082.0000,0.8241,0.7645,0.6655,0.6115,0.2601,0.6266,0.0042,2082.0000
64,2,2,16,5,1.0000,1.0000,0.5031,0.7664,0.9975,0.9880,0.6353,0.8398,0.0155,1137.6700,1.0000,1.0000,1.0000,1.0000,0.7769,0.8780,0.0000,1137.6700,1.0000,1.0000,1.0000,1.0000,0.6766,0.8571,0.0077,1137.6700
64,2,4,16,5,0.9376,0.8317,0.4448,0.7246,0.8123,0.7259,0.3157,0.6513,0.0155,1137.6700,1.0000,1.0000,1.0000,1.0000,0.7769,0.8780,0.0000,1137.6700,1.0000,1.0000,0.9969,0.9933,0.6320,0.8429,0.0077,1137.6700
64,2,6,16,5,0.6662,0.6190,0.3112,0.5539,0.4393,0.3227,0.0854,0.4073,0.0155,1706.5000,1.0000,1.0000,1.0000,1.0000,0.7769,0.8780,0.0000,1137.6700,0.9969,0.9954,0.9894,0.9594,0.6044,0.8131,0.0077,1137.6700
64,2,8,16,5,0.3135,0.3522,0.2431,0.3228,0.2021,0.1371,0.0309,0.0817,0.0155,1706.5000,1.0000,1.0000,1.0000,1.0000,0.7769,0.8780,0.0000,1137.6700,0.9954,0.9670,0.9775,0.9035,0.5466,0.7691,0.0077,1137.6700
64,2,10,16,5,0.2317,0.1983,0.1931,0.1846,0.1395,0.0692,0.0176,0.0031,0.0155,1706.5000,1.0000,1.0000,1.0000,1.0000,0.7769,0.8780,0.0000,1137.6700,0.9946,0.9117,0.9499,0.8476,0.4843,0.7356,0.0077,1137.6700
64,2,12,16,5,0.1653,0.1135,0.1424,0.1135,0.0788,0.0326,0.0105,0.0000,0.0155,1706.5000,1.0000,1.0000,1.0000,1.0000,0.7769,0.8780,0.0000,1137.6700,0.9737,0.8714,0.8930,0.7991,0.3818,0.7010,0.0077,1137.6700
64,2,14,16,5,0.1118,0.0653,0.0961,0.0653,0.0338,0.0153,0.0055,0.0000,0.0155,1706.5000,1.0000,1.0000,1.0000,1.0000,0.7769,0.8780,0.0000,1137.6700,0.9276,0.8266,0.8098,0.7325,0.2975,0.6497,0.0077,1137.6700
64,2,16,16,5,0.0398,0.0130,0.0398,0.0130,0.0075,0.0013,0.0011,0.0000,0.0155,1706.5000,1.0000,1.0000,1.0000,1.0000,0.7769,0.8780,0.0000,1137.6700,0.8341,0.7738,0.6471,0.5788,0.1879,0.5450,0.0077,1137.6700
64,3,2,16,5,1.0000,1.0000,0.5031,0.7491,0.9975,0.9973,0.6452,0.8414,0.0232,1137.6700,1.0000,1.0000,1.0000,1.0000,0.7769,0.8780,0.0000,1137.6700,1.0000,1.0000,1.0000,1.0000,0.6766,0.8571,0.0077,1137.6700
64,3,4,16,5,0.9800,0.8865,0.4871,0.7435,0.9018,0.8104,0.4149,0.7021,0.0232,1137.6700,1.0000,1.0000,1.0000,1.0000,0.7769,0.8780,0.0000,1137.6700,1.0000,1.0000,0.9969,0.9933,0.6320,0.8429,0.0077,1137.6700
64,3,6,16,5,0.7949,0.7491,0.3344,0.6586,0.6014,0.5316,0.1609,0.5262,0.0232,1137.6700,1.0000,1.0000,1.0000,1.0000,0.7769,0.8780,0.0000,1137.6700,0.9969,0.9954,0.9894,0.9594,0.6044,0.8131,0.0077,1137.6700
64,3,8,16,5,0.4960,0.4933,0.2846,0.4382,0.3223,0.2269,0.0573,0.3372,0.0232,1706.5000,1.0000,1.0000,1.0000,1.0000,0.7769,0.8780,0.0000,1137.6700,0.9954,0.9670,0.9775,0.9035,0.5466,0.7691,0.0077,1137.6700
64,3,10,16,5,0.3152,0.3495,0.2446,0.3262,0.2096,0.1238,0.0259,0.0550,0.0232,1706.5000,1.0000,1.0000,1.0000,1.0000,0.7769,0.8780,0.0000,1137.6700,0.9946,0.9117,0.9499,0.8476,0.4843,0.7356,0.0077,1137.6700
64,3,12,16,5,0.2203,0.2054,0.1679,0.1912,0.1458,0.0692,0.0209,0.0010,0.0232,1706.5000,1.0000,1.0000,1.0000,1.0000,0.7769,0.8780,0.0000,1137.6700,0.9737,0.8714,0.8930,0.7991,0.3818,0.7010,0.0077,1137.6700
64,3,14,16,5,0.1879,0.1719,0.1585,0.1658,0.1064,0.0479,0.0165,0.0005,0.0232,1706.5000,1.0000,1.0000,1.0000,1.0000,0.7769,0.8780,0.0000,1137.6700,0.9276,0.8266,0.8098,0.7325,0.2975,0.6497,0.0077,1137.6700
64,3,16,16,5,0.1527,0.1030,0.1264,0.1020,0.0645,0.0286,0.0083,0.0000,0.0232,1706.5000,1.0000,1.0000,1.0000,1.0000,0.7769,0.8780,0.0000,1137.6700,0.8341,0.7738,0.6471,0.5788,0.1879,0.5450,0.0077,1137.6700
64,4,2,16,5,1.0000,1.0000,0.5031,0.7620,0.9981,0.9980,0.6556,0.8508,0.0309,1137.6700,1.0000,1.0000,1.0000,1.0000,0.7769,0.8780,0.0000,1137.6700,1.0000,1.0000,1.0000,1.0000,0.6766,0.8571,0.0077,1137.6700
64,4,4,16,5,0.9908,0.9193,0.4977,0.7613,0.9387,0.8516,0.4744,0.7288,0.0309,1137.6700,1.0000,1.0000,1.0000,1.0000,0.7769,0.8780,0.0000,1137.6700,1.0000,1.0000,0.9969,0.9933,0.6320,0.8429,0.0077,1137.6700
64,4,6,16,5,0.8956,0.7943,0.4059,0.6919,0.7340,0.6514,0.2397,0.5948,0.0309,1137.6700,1.0000,1.0000,1.0000,1.0000,0.7769,0.8780,0.0000,1137.6700,0.9969,0.9954,0.9894,0.9594,0.6044,0.8131,0.0077,1137.6700
64,4,8,16,5,0.6765,0.6187,0.2703,0.5471,0.4712,0.3486,0.1019,0.4209,0.0309,1137.6700,1.0000,1.0000,1.0000,1.0000,0.7769,0.8780,0.0000,1137.6700,0.9954,0.9670,0.9775,0.9035,0.5466,0.7691,0.0077,1137.6700
64,4,10,16,5,0.4208,0.4131,0.2560,0.3619,0.2829,0.1803,0.0391,0.2304,0.0309,1706.5000,1.0000,1.0000,1.0000,1.0000,0.7769,0.8780,0.0000,1137.6700,0.9946,0.9117,0.9499,0.8476,0.4843,0.7356,0.0077,1137.6700
64,4,12,16,5,0.2949,0.3077,0.2386,0.2830,0.1890,0.1164,0.0253,0.0157,0.0309,1706.5000,1.0000,1.0000,1.0000,1.0000,0.7769,0.8780,0.0000,1137.6700,0.9737,0.8714,0.8930,0.7991,0.3818,0.7010,0.0077,1137.6700
64,4,14,16,5,0.2391,0.2120,0.1922,0.1969,0.1533,0.0765,0.0198,0.0010,0.0309,1706.5000,1.0000,1.0000,1.0000,1.0000,0.7769,0.8780,0.0000,1137.6700,0.9276,0.8266,0.8098,0.7325,0.2975,0.6497,0.0077,1137.6700
64,4,16,16,5,0.1979,0.1636,0.1570,0.1558,0.1170,0.0585,0.0182,0.0010,0.0309,1706.5000,1.0000,1.0000,1.0000,1.0000,0.7769,0.8780,0.0000,1137.6700,0.8341,0.7738,0.6471,0.5788,0.1879,0.5450,0.0077,1137.6700
